{
    "0": {
        "GT_error": 8.287617172949547,
        "bo_opt_error": 0.8896515409692954,
        "comp_time": 13.23628956079483,
        "diff_to_GT_error": 4214.02484949212,
        "global_opt_error": 0.8896515409692954
    },
    "1": {
        "GT_error": 8.999950835137641,
        "bo_opt_error": 5.371831853242818,
        "comp_time": 16.141196529070537,
        "diff_to_GT_error": 1353.758834652548,
        "global_opt_error": 5.371831853242818
    },
    "2": {
        "GT_error": 11.373602448145753,
        "bo_opt_error": 7.838796598601598,
        "comp_time": 26.73744563261668,
        "diff_to_GT_error": 50.01774965666243,
        "global_opt_error": 7.776303480450854,
        "opt_from_prev_noReg": 0.16666666666666666
    },
    "3": {
        "GT_error": 13.61469934201198,
        "bo_opt_error": 7.545807442198041,
        "comp_time": 28.7249369819959,
        "diff_to_GT_error": 396.58829852652906,
        "global_opt_error": 7.386049792459214,
        "opt_from_prev_noReg": 0.08333333333333333
    },
    "4": {
        "GT_error": 15.843746548445347,
        "bo_opt_error": 9.812137912285747,
        "comp_time": 31.116816818714142,
        "diff_to_GT_error": 78.4999312228121,
        "global_opt_error": 8.800696814423047,
        "opt_from_prev_noReg": 0.6666666666666666
    },
    "5": {
        "GT_error": 16.89110555390601,
        "bo_opt_error": 10.709349329842537,
        "comp_time": 31.68560055891673,
        "diff_to_GT_error": 47.33418865658663,
        "global_opt_error": 10.025804815569296,
        "opt_from_prev_noReg": 0.6666666666666666
    },
    "6": {
        "GT_error": 18.104482296829385,
        "bo_opt_error": 11.553687377827396,
        "comp_time": 33.87421625852585,
        "diff_to_GT_error": 35.405503638115654,
        "global_opt_error": 10.874979817351035,
        "opt_from_prev_noReg": 0.75
    },
    "7": {
        "GT_error": 18.75515780336004,
        "bo_opt_error": 12.706572567256856,
        "comp_time": 37.49478711684545,
        "diff_to_GT_error": 30.612257732589715,
        "global_opt_error": 11.573692048996579,
        "opt_from_prev_noReg": 0.6666666666666666
    },
    "8": {
        "GT_error": 19.67710188493655,
        "bo_opt_error": 13.446076987083051,
        "comp_time": 40.4679259856542,
        "diff_to_GT_error": 30.334282320025295,
        "global_opt_error": 12.198398265802714,
        "opt_from_prev_noReg": 0.6666666666666666
    },
    "9": {
        "GT_error": 27.699790052776738,
        "bo_opt_error": 14.965970140525497,
        "comp_time": 40.1057847738266,
        "diff_to_GT_error": 32.92691105905703,
        "global_opt_error": 13.309806936676994,
        "opt_from_prev_noReg": 0.5
    },
    "creation_params": {
        "all_past_checks": false,
        "aquisition_weight": 40,
        "limited_past_checks": true,
        "max_iters": 15,
        "max_rotation": true,
        "num_subsections": 10,
        "rand_rotation": false,
        "reg_prev_best_transform": false,
        "sparse": false
    },
    "traj_counts": {
        "0": 12,
        "1": 12,
        "2": 12,
        "3": 12,
        "4": 12,
        "5": 12,
        "6": 12,
        "7": 12,
        "8": 12,
        "9": 12
    }
}