{
    "0": {
        "GT_error": 6.948364175748769,
        "bo_opt_error": 1.3488302009865443,
        "comp_time": 12.145111699899038,
        "diff_to_GT_error": 4328.598205637683,
        "global_opt_error": 1.3488302009865443
    },
    "1": {
        "GT_error": 8.71895122237098,
        "bo_opt_error": 2.4770683722352786,
        "comp_time": 13.029518008232117,
        "diff_to_GT_error": 2146.9182013511036,
        "global_opt_error": 2.4770683722352786
    },
    "2": {
        "GT_error": 8.71791395657951,
        "bo_opt_error": 3.9814120171683887,
        "comp_time": 13.425597310066223,
        "diff_to_GT_error": 1008.6770933627071,
        "global_opt_error": 3.9447311685947004,
        "opt_from_prev_noReg": 0.25
    },
    "3": {
        "GT_error": 8.916314980176802,
        "bo_opt_error": 4.078581023155695,
        "comp_time": 15.133226652940115,
        "diff_to_GT_error": 183.43185742963715,
        "global_opt_error": 3.9809559454212984,
        "opt_from_prev_noReg": 0.16666666666666666
    },
    "4": {
        "GT_error": 9.820155551560969,
        "bo_opt_error": 4.905922430917956,
        "comp_time": 14.973122715950012,
        "diff_to_GT_error": 431.361030657464,
        "global_opt_error": 4.394990739431674,
        "opt_from_prev_noReg": 0.5833333333333334
    },
    "5": {
        "GT_error": 12.205801325213832,
        "bo_opt_error": 5.565824399001458,
        "comp_time": 16.06660743554433,
        "diff_to_GT_error": 88.02811199287514,
        "global_opt_error": 5.046525915419667,
        "opt_from_prev_noReg": 0.4166666666666667
    },
    "6": {
        "GT_error": 13.193499177154196,
        "bo_opt_error": 6.953417575869355,
        "comp_time": 16.07469268278642,
        "diff_to_GT_error": 78.20457040691953,
        "global_opt_error": 5.948396219423734,
        "opt_from_prev_noReg": 0.7272727272727273
    },
    "7": {
        "GT_error": 13.748001410461168,
        "bo_opt_error": 8.866511595555394,
        "comp_time": 15.142728487650553,
        "diff_to_GT_error": 91.47141457812018,
        "global_opt_error": 6.671054612051082,
        "opt_from_prev_noReg": 0.7777777777777778
    },
    "8": {
        "GT_error": 17.518191326358586,
        "bo_opt_error": 11.473499911530617,
        "comp_time": 15.43548412322998,
        "diff_to_GT_error": 56.50997137387826,
        "global_opt_error": 8.234983816702576,
        "opt_from_prev_noReg": 0.8
    },
    "9": {
        "GT_error": 11.851114252595996,
        "bo_opt_error": 6.485037674055006,
        "comp_time": 16.004501461982727,
        "diff_to_GT_error": 40.856263515766535,
        "global_opt_error": 6.070336181003343,
        "opt_from_prev_noReg": 0.5
    },
    "creation_params": {
        "all_past_checks": false,
        "aquisition_weight": 40,
        "limited_past_checks": false,
        "max_iters": 15,
        "max_rotation": true,
        "num_subsections": 10,
        "rand_rotation": false,
        "reg_prev_best_transform": false,
        "sparse": true
    },
    "traj_counts": {
        "0": 12,
        "1": 12,
        "2": 12,
        "3": 12,
        "4": 12,
        "5": 12,
        "6": 11,
        "7": 9,
        "8": 5,
        "9": 2
    }
}